<?xml version="1.0" encoding="UTF-8"?>
<!DOCTYPE suite SYSTEM "http://testng.org/testng-1.0.dtd">
<suite name="Suite">
  <test thread-count="5" name="Test">
    <classes>
      <class name="automation.org.TC_08_Numberoflinks"/>
      <class name="automation.org.TC_04_Order_History"/>
      <class name="automation.org.TC_02_product_Comparison"/>
      <class name="automation.org.TC_01_Registration_Add_to_Cart"/>
      <class name="automation.org.TC03_Adding_Phones_to_cart"/>
      <class name="automation.org.TC_06_Total_Amount"/>
      <class name="automation.org.TIC_05_Gift_Voucher"/>
    </classes>
  </test> <!-- Test -->
</suite> <!-- Suite -->
